<?xml version="1.0" encoding="UTF-8"?>
<project-private xmlns="http://www.netbeans.org/ns/project-private/1">
    <editor-bookmarks xmlns="http://www.netbeans.org/ns/editor-bookmarks/2" lastBookmarkId="0"/>
    <open-files xmlns="http://www.netbeans.org/ns/projectui-open-files/2">
        <group>
            <file>file:/C:/Users/User/Documents/NetBeansProjects/IFC/GravaBD/src/java/ifc/beans/BeanContato.java</file>
            <file>file:/C:/Users/User/Documents/NetBeansProjects/IFC/GravaBD/src/java/ifc/util/Conexao.java</file>
            <file>file:/C:/Users/User/Documents/NetBeansProjects/IFC/GravaBD/web/index.xhtml</file>
            <file>file:/C:/Users/User/Documents/NetBeansProjects/IFC/GravaBD/src/java/ifc/modelo/Contato.java</file>
            <file>file:/C:/Users/User/Documents/NetBeansProjects/IFC/GravaBD/web/consultacontato.xhtml</file>
        </group>
    </open-files>
</project-private>
